[
	{
		"name": "Ishmael Pennington",
		"age": 82,
		"city": "Scorrano",
		"email": "amet@dolor.net",
		"country": "South Georgia and The South Sandwich Islands"
	},
	{
		"name": "Dieter Thompson",
		"age": 44,
		"city": "Oostkerke",
		"email": "nec@facilisiSed.org",
		"country": "Armenia"
	},
	{
		"name": "Cameron Sears",
		"age": 67,
		"city": "Rothes",
		"email": "Mauris.non.dui@Donec.co.uk",
		"country": "Antigua and Barbuda"
	},
	{
		"name": "Quamar Pope",
		"age": 50,
		"city": "Tenby",
		"email": "facilisis.lorem@Maurismolestie.net",
		"country": "Northern Mariana Islands"
	},
	{
		"name": "Luke Nunez",
		"age": 88,
		"city": "Lennik",
		"email": "diam.at.pretium@Suspendissealiquet.co.uk",
		"country": "Bonaire, Sint Eustatius and Saba"
	},
	{
		"name": "Kuame Sullivan",
		"age": 68,
		"city": "Rulles",
		"email": "vel.convallis@cubilia.edu",
		"country": "Croatia"
	},
	{
		"name": "Salvador Mann",
		"age": 55,
		"city": "Newtonmore",
		"email": "egestas@Aliquamtincidunt.net",
		"country": "Cameroon"
	},
	{
		"name": "Henry Schmidt",
		"age": 26,
		"city": "Inuvik",
		"email": "ligula.Nullam.feugiat@commodo.ca",
		"country": "Northern Mariana Islands"
	},
	{
		"name": "Hamilton Clemons",
		"age": 83,
		"city": "Ried im Innkreis",
		"email": "mauris@Suspendisse.ca",
		"country": "Uzbekistan"
	},
	{
		"name": "Micah Medina",
		"age": 42,
		"city": "Saint-Vincent",
		"email": "lobortis@vulputateullamcorpermagna.co.uk",
		"country": "Syria"
	},
	{
		"name": "Maxwell Glass",
		"age": 67,
		"city": "Macon",
		"email": "pede.nec.ante@et.com",
		"country": "Cameroon"
	},
	{
		"name": "Christian Graves",
		"age": 65,
		"city": "Heusden",
		"email": "et.malesuada.fames@enim.org",
		"country": "Armenia"
	},
	{
		"name": "Wallace Henry",
		"age": 75,
		"city": "Valparai",
		"email": "et@nunc.edu",
		"country": "Iceland"
	},
	{
		"name": "Wang Beard",
		"age": 44,
		"city": "Waarloos",
		"email": "urna.Nullam.lobortis@augueporttitor.org",
		"country": "Sri Lanka"
	},
	{
		"name": "Erasmus Simon",
		"age": 32,
		"city": "Bama",
		"email": "cursus@eu.net",
		"country": "Estonia"
	},
	{
		"name": "Kasper Tyson",
		"age": 82,
		"city": "Serrata",
		"email": "varius@dignissimMaecenasornare.co.uk",
		"country": "Russian Federation"
	},
	{
		"name": "Barclay Bishop",
		"age": 22,
		"city": "Farciennes",
		"email": "Quisque@quis.com",
		"country": "Åland Islands"
	},
	{
		"name": "Timon Frank",
		"age": 30,
		"city": "Krefeld",
		"email": "nec.ligula@dictumsapien.net",
		"country": "Ecuador"
	},
	{
		"name": "Sebastian Bates",
		"age": 48,
		"city": "Musson",
		"email": "auctor.nunc.nulla@auctor.com",
		"country": "Tuvalu"
	},
	{
		"name": "Merrill Serrano",
		"age": 33,
		"city": "San Cesario di Lecce",
		"email": "ac.metus@diamProindolor.ca",
		"country": "United Arab Emirates"
	},
	{
		"name": "Stewart Stevens",
		"age": 19,
		"city": "Olathe",
		"email": "vel.vulputate@Inscelerisquescelerisque.com",
		"country": "Andorra"
	},
	{
		"name": "Brent Greer",
		"age": 61,
		"city": "Kingston",
		"email": "lobortis@sed.net",
		"country": "Rwanda"
	},
	{
		"name": "Ali Wallace",
		"age": 47,
		"city": "Cefalà Diana",
		"email": "et.pede.Nunc@tellusimperdietnon.edu",
		"country": "Lesotho"
	},
	{
		"name": "Tanner Pruitt",
		"age": 56,
		"city": "Rimbey",
		"email": "a@sollicitudin.ca",
		"country": "Saudi Arabia"
	},
	{
		"name": "Ulric Chavez",
		"age": 87,
		"city": "Guardia Sanframondi",
		"email": "neque.Sed@turpisNulla.com",
		"country": "Japan"
	},
	{
		"name": "Cooper Walsh",
		"age": 25,
		"city": "Saint-Georges",
		"email": "mauris.ipsum.porta@Nunclaoreetlectus.ca",
		"country": "Afghanistan"
	},
	{
		"name": "Abel Ratliff",
		"age": 68,
		"city": "Hereford",
		"email": "dis.parturient.montes@non.net",
		"country": "Finland"
	},
	{
		"name": "Ashton George",
		"age": 44,
		"city": "Hattiesburg",
		"email": "feugiat.Sed@sitametnulla.org",
		"country": "Jamaica"
	},
	{
		"name": "Colby Fowler",
		"age": 34,
		"city": "Ottawa-Carleton",
		"email": "lorem.vehicula@Infaucibus.ca",
		"country": "Côte D'Ivoire (Ivory Coast)"
	},
	{
		"name": "Joel Simon",
		"age": 29,
		"city": "Lions Bay",
		"email": "erat.eget@lobortis.org",
		"country": "Sri Lanka"
	},
	{
		"name": "Hamilton Hester",
		"age": 57,
		"city": "Wandsworth",
		"email": "magna.Suspendisse@pharetrased.ca",
		"country": "Egypt"
	},
	{
		"name": "Wesley Burks",
		"age": 86,
		"city": "Balfour",
		"email": "risus.In@dolor.edu",
		"country": "Poland"
	},
	{
		"name": "Noah Mccarthy",
		"age": 86,
		"city": "Castiglione a Casauria",
		"email": "vitae.odio@libero.com",
		"country": "United Arab Emirates"
	},
	{
		"name": "Knox Mccormick",
		"age": 77,
		"city": "Grand-Hallet",
		"email": "eu.odio@Integersemelit.edu",
		"country": "Bolivia"
	},
	{
		"name": "Melvin Olson",
		"age": 33,
		"city": "Miranda",
		"email": "Sed.dictum.Proin@egetmetusIn.edu",
		"country": "Chad"
	},
	{
		"name": "Nissim Gay",
		"age": 84,
		"city": "Grimaldi",
		"email": "tellus.non@consequatenimdiam.co.uk",
		"country": "Solomon Islands"
	},
	{
		"name": "Erasmus Goodwin",
		"age": 87,
		"city": "Montgomery",
		"email": "metus@dapibusidblandit.ca",
		"country": "Faroe Islands"
	},
	{
		"name": "Leo Cleveland",
		"age": 21,
		"city": "Henstedt-Ulzburg",
		"email": "arcu.Vestibulum@nulla.edu",
		"country": "France"
	},
	{
		"name": "Adrian Roy",
		"age": 39,
		"city": "Lisciano Niccone",
		"email": "interdum.libero@nunc.co.uk",
		"country": "Mauritania"
	},
	{
		"name": "Scott Skinner",
		"age": 52,
		"city": "Rebecq",
		"email": "gravida.Praesent.eu@arcuNuncmauris.net",
		"country": "Honduras"
	},
	{
		"name": "Nicholas Britt",
		"age": 60,
		"city": "Ebenthal in Kärnten",
		"email": "luctus.et.ultrices@sagittisNullam.edu",
		"country": "Honduras"
	},
	{
		"name": "Bert Schroeder",
		"age": 56,
		"city": "Armo",
		"email": "erat@mollisdui.net",
		"country": "Monaco"
	},
	{
		"name": "Oliver Reese",
		"age": 65,
		"city": "Moignelee",
		"email": "vitae.mauris.sit@variusorci.org",
		"country": "Saint Lucia"
	},
	{
		"name": "Wade Patton",
		"age": 31,
		"city": "Grosseto",
		"email": "vel.quam.dignissim@nonduinec.net",
		"country": "Mali"
	},
	{
		"name": "Jesse Knapp",
		"age": 81,
		"city": "White Rock",
		"email": "vitae@egettinciduntdui.co.uk",
		"country": "Kenya"
	},
	{
		"name": "Jacob Malone",
		"age": 43,
		"city": "Witney",
		"email": "cursus.a@penatibusetmagnis.co.uk",
		"country": "Myanmar"
	},
	{
		"name": "Berk Haney",
		"age": 20,
		"city": "Chennai",
		"email": "et.netus.et@ametluctusvulputate.net",
		"country": "Gambia"
	},
	{
		"name": "Coby Turner",
		"age": 42,
		"city": "Nashville",
		"email": "at.egestas@dolordapibusgravida.com",
		"country": "Gabon"
	},
	{
		"name": "Gil Mayo",
		"age": 63,
		"city": "Quinte West",
		"email": "ac@FuscefeugiatLorem.org",
		"country": "Qatar"
	},
	{
		"name": "Erasmus Gould",
		"age": 51,
		"city": "Rohtak",
		"email": "sed.sem.egestas@eunibhvulputate.net",
		"country": "Tajikistan"
	},
	{
		"name": "James Fischer",
		"age": 73,
		"city": "Hatfield",
		"email": "consequat@egestas.co.uk",
		"country": "Anguilla"
	},
	{
		"name": "Caesar Lindsey",
		"age": 43,
		"city": "Petit-Hallet",
		"email": "nec@at.co.uk",
		"country": "Montenegro"
	},
	{
		"name": "Travis Mcfarland",
		"age": 40,
		"city": "Froidchapelle",
		"email": "non.enim.commodo@malesuada.org",
		"country": "Saint Helena, Ascension and Tristan da Cunha"
	},
	{
		"name": "Preston Farrell",
		"age": 36,
		"city": "Sunset Point",
		"email": "Donec.est@nibhDonec.co.uk",
		"country": "Lesotho"
	},
	{
		"name": "Ivan Holmes",
		"age": 59,
		"city": "Pöttsching",
		"email": "Proin.vel.nisl@sempereratin.net",
		"country": "Israel"
	},
	{
		"name": "Raja Hewitt",
		"age": 63,
		"city": "Port Glasgow",
		"email": "Aliquam.nisl@senectuset.ca",
		"country": "Korea, South"
	},
	{
		"name": "Sawyer Cochran",
		"age": 35,
		"city": "Tolentino",
		"email": "ipsum@Aeneanegestashendrerit.org",
		"country": "Fiji"
	},
	{
		"name": "Jin Sandoval",
		"age": 69,
		"city": "North Bay",
		"email": "semper@iaculis.edu",
		"country": "Austria"
	},
	{
		"name": "Jared Barton",
		"age": 64,
		"city": "Verzegnis",
		"email": "egestas.Sed@justonecante.co.uk",
		"country": "Lesotho"
	},
	{
		"name": "Alvin Moss",
		"age": 50,
		"city": "Melrose",
		"email": "pharetra.Nam.ac@idsapienCras.ca",
		"country": "Burundi"
	},
	{
		"name": "Quamar Guerrero",
		"age": 80,
		"city": "Altavilla Irpina",
		"email": "pharetra@imperdiet.net",
		"country": "Micronesia"
	},
	{
		"name": "Judah Schneider",
		"age": 68,
		"city": "Valkenburg aan de Geul",
		"email": "eu.tellus@pellentesque.org",
		"country": "Liberia"
	},
	{
		"name": "Kelly Norris",
		"age": 50,
		"city": "Cuceglio",
		"email": "ut@imperdietdictummagna.edu",
		"country": "Bulgaria"
	},
	{
		"name": "Ian Wall",
		"age": 47,
		"city": "Finkenstein am Faaker See",
		"email": "eleifend.egestas.Sed@ullamcorper.edu",
		"country": "Northern Mariana Islands"
	},
	{
		"name": "Alvin Gould",
		"age": 43,
		"city": "Duncan",
		"email": "nec@massaInteger.ca",
		"country": "Estonia"
	},
	{
		"name": "Linus Simpson",
		"age": 73,
		"city": "Fraser-Fort George",
		"email": "quam.vel.sapien@egestasrhoncus.com",
		"country": "Bulgaria"
	},
	{
		"name": "Troy Knox",
		"age": 88,
		"city": "Leffinge",
		"email": "neque.venenatis.lacus@sedliberoProin.co.uk",
		"country": "British Indian Ocean Territory"
	},
	{
		"name": "Hu Mcfadden",
		"age": 60,
		"city": "Gary",
		"email": "laoreet.libero.et@nunc.org",
		"country": "Solomon Islands"
	},
	{
		"name": "Stewart Haley",
		"age": 87,
		"city": "Beaumont",
		"email": "pede@veliteusem.net",
		"country": "Sudan"
	},
	{
		"name": "Garrett Ashley",
		"age": 26,
		"city": "Veraval",
		"email": "Phasellus.dapibus@uterosnon.net",
		"country": "Tanzania"
	},
	{
		"name": "Carl Maddox",
		"age": 88,
		"city": "Milnathort",
		"email": "neque@ultrices.net",
		"country": "Ethiopia"
	},
	{
		"name": "Gage Farmer",
		"age": 86,
		"city": "Ananindeua",
		"email": "Praesent.luctus@pretiumaliquet.edu",
		"country": "Libya"
	},
	{
		"name": "Emmanuel Bass",
		"age": 44,
		"city": "Lincoln",
		"email": "gravida.sagittis@Donectemporest.com",
		"country": "Cook Islands"
	},
	{
		"name": "Samson Wise",
		"age": 29,
		"city": "Kent",
		"email": "Donec@ridiculusmus.co.uk",
		"country": "Tanzania"
	},
	{
		"name": "Ivan Irwin",
		"age": 83,
		"city": "Rawalpindi",
		"email": "Nulla@libero.com",
		"country": "Virgin Islands, United States"
	},
	{
		"name": "Phelan Schmidt",
		"age": 21,
		"city": "Valladolid",
		"email": "Cum@sit.edu",
		"country": "Morocco"
	},
	{
		"name": "Nero Rose",
		"age": 41,
		"city": "Wondelgem",
		"email": "Nunc@adipiscingelit.com",
		"country": "India"
	},
	{
		"name": "Hyatt Snider",
		"age": 23,
		"city": "Illkirch-Graffenstaden",
		"email": "nunc.ac.mattis@eleifend.com",
		"country": "Botswana"
	},
	{
		"name": "Arthur Skinner",
		"age": 59,
		"city": "Sylvan Lake",
		"email": "sapien.gravida.non@portaelita.ca",
		"country": "Bhutan"
	},
	{
		"name": "Jamal Orr",
		"age": 71,
		"city": "Mayerthorpe",
		"email": "mattis.ornare@orciluctuset.co.uk",
		"country": "Slovakia"
	},
	{
		"name": "Noble Joyner",
		"age": 29,
		"city": "Liedekerke",
		"email": "lobortis.mauris.Suspendisse@ipsum.co.uk",
		"country": "Christmas Island"
	},
	{
		"name": "Devin Cote",
		"age": 42,
		"city": "Motueka",
		"email": "molestie.pharetra.nibh@sitametnulla.co.uk",
		"country": "Ethiopia"
	},
	{
		"name": "Kaseem Sears",
		"age": 40,
		"city": "Belford Roxo",
		"email": "tempor.est.ac@rutrumjusto.org",
		"country": "Croatia"
	},
	{
		"name": "Jarrod Myers",
		"age": 67,
		"city": "Velletri",
		"email": "a.dui.Cras@adipiscing.net",
		"country": "Kenya"
	},
	{
		"name": "Cameron Sharp",
		"age": 25,
		"city": "Bonlez",
		"email": "cursus@eu.co.uk",
		"country": "Thailand"
	},
	{
		"name": "Kermit Norris",
		"age": 66,
		"city": "Sart-Dames-Avelines",
		"email": "Duis@augueut.edu",
		"country": "San Marino"
	},
	{
		"name": "Isaiah Stout",
		"age": 60,
		"city": "Castelseprio",
		"email": "elit@aultricies.ca",
		"country": "Northern Mariana Islands"
	},
	{
		"name": "Bruce Tillman",
		"age": 84,
		"city": "Paglieta",
		"email": "metus.Aliquam.erat@quis.com",
		"country": "Timor-Leste"
	},
	{
		"name": "Noble Wolfe",
		"age": 56,
		"city": "Thiaumont",
		"email": "arcu.et@utodio.ca",
		"country": "Portugal"
	},
	{
		"name": "Ivan Levy",
		"age": 86,
		"city": "Chemnitz",
		"email": "erat.eget.tincidunt@tinciduntvehicularisus.ca",
		"country": "Saint Helena, Ascension and Tristan da Cunha"
	},
	{
		"name": "Zephania Salinas",
		"age": 27,
		"city": "Flin Flon",
		"email": "sed.turpis.nec@Quisquefringilla.org",
		"country": "Cameroon"
	},
	{
		"name": "Edan Murphy",
		"age": 28,
		"city": "Clackmannan",
		"email": "vitae@molestiearcuSed.com",
		"country": "Norway"
	},
	{
		"name": "Cruz Wall",
		"age": 21,
		"city": "Oromocto",
		"email": "consectetuer.adipiscing@eratvitae.net",
		"country": "Austria"
	},
	{
		"name": "Tarik Pope",
		"age": 72,
		"city": "Lonzee",
		"email": "ac@interdumligulaeu.net",
		"country": "Comoros"
	},
	{
		"name": "Rahim Houston",
		"age": 44,
		"city": "Carnoustie",
		"email": "faucibus@nunc.edu",
		"country": "Angola"
	},
	{
		"name": "Aladdin Gates",
		"age": 74,
		"city": "Fredericton",
		"email": "quis.massa.Mauris@idsapienCras.net",
		"country": "Mongolia"
	},
	{
		"name": "Castor Chandler",
		"age": 70,
		"city": "San Juan de Dios",
		"email": "nostra.per.inceptos@ipsum.org",
		"country": "Gabon"
	},
	{
		"name": "Neil Gomez",
		"age": 32,
		"city": "Waterbury",
		"email": "at.nisi.Cum@lorem.ca",
		"country": "Bahamas"
	},
	{
		"name": "Wesley Harmon",
		"age": 76,
		"city": "Swan Hills",
		"email": "In.tincidunt@nisl.com",
		"country": "Slovenia"
	},
	{
		"name": "Rahim Schmidt",
		"age": 62,
		"city": "Paris",
		"email": "ultricies@eutempor.com",
		"country": "Benin"
	}
]